{"description": "Preliminary background from materials .\nRate is in kg/d/KeV.\n \nArianna Rocchetti, Dec.2019\n", "timestamp": 1577812116.6965067, "map": [0.0, 0.0, 0.0, 2.265707376e-07, 2.6301744000000004e-08, 3.3598587980540537e-07, 4.7606156639999993e-07, 0.0, 0.0, 1.1460045600000001e-08, 2.2920091200000002e-08, 1.1460045600000001e-08, 1.013367494054054e-07, 4.5378023184e-07, 0.0, 6.3875664e-10, 2.528724816e-07, 3.8721051811417545e-07, 0.0, 9.795509660540541e-08, 1.1460045600000001e-08, 1.1460045600000001e-08, 5.281764806054054e-07, 2.2920091200000002e-08, 4.909032648e-07, 2.265707376e-07, 2.265707376e-07, 2.2920091200000002e-08, 2.494908288e-07, 9.17742996e-07, 2.265707376e-07, 2.265707376e-07, 6.06818808e-08, 2.2920091200000002e-08, 4.7606156639999993e-07, 2.6433252720000004e-07, 6.797122128e-07, 2.3803078319999997e-07, 1.39023504e-07, 4.1013060931417544e-07, 7.02632304e-07, 1.14559124688e-06, 1.26695500848e-06, 5.7852564624e-07, 4.6129501584000004e-07, 1.6581370895999998e-06, 1.4195910926957973e-06, 2.451758173279162e-06, 2.134923607324986e-06, 1.38655279584e-06, 2.2436738043191617e-06, 1.1222201558054053e-06, 2.161965444376216e-06, 2.866198623713756e-06, 2.460411673062526e-06, 3.226596053335797e-06, 4.018263744513337e-06, 3.4860066226849865e-06, 3.943727908409134e-06, 3.3091834166612015e-06, 4.9437203281237285e-06, 5.491022046843729e-06, 5.689551254774958e-06, 4.4424464357345385e-06, 6.115801075769134e-06, 5.220805217426189e-06, 7.5761711441791084e-06, 1.0544612160590337e-05, 5.85376431406661e-06, 6.058023433654122e-06, 7.415110421573635e-06, 9.053761566132444e-06, 7.182989790658625e-06, 9.160410590141934e-06, 1.1036301059836648e-05, 8.12940612438542e-06, 8.569024519093706e-06, 1.063582581961653e-05, 8.432822702636585e-06, 7.804222744889137e-06, 1.0442737765286975e-05, 1.2034962799286618e-05, 8.034463664292798e-06, 9.598151417196164e-06, 1.0191439293445719e-05, 1.070559010638451e-05, 8.654493801744932e-06, 1.0720653153423256e-05, 1.1316484896553228e-05, 1.2192475751296522e-05, 1.1910647452253043e-05, 1.3858700813691784e-05, 1.5036859069216518e-05, 1.3621081279753224e-05, 1.2327752458803132e-05, 1.2382224498634896e-05, 1.1066861880334777e-05, 1.0472003979754903e-05, 1.1666050216039468e-05, 1.296853410843647e-05, 1.3411557490815267e-05, 1.4167004148781994e-05, 2.4093749062046373e-05, 9.894102286932443e-06, 1.1612458646439887e-05, 1.2005242054235807e-05, 1.2331085490838146e-05, 1.032382712966277e-05, 1.5096906291639533e-05, 1.2481381509341928e-05, 9.848366294644387e-06, 1.517306817614115e-05, 1.4519823483251184e-05, 2.2501587101785096e-05, 1.403861748201568e-05, 1.0394955237230332e-05, 3.127819640283493e-05, 1.1723385277093347e-05, 1.0392832425275808e-05, 1.1118463837527871e-05, 1.1452330548921628e-05, 1.2246271460568294e-05, 9.875191896831238e-06, 1.4216538524863734e-05, 1.1590403432407453e-05, 1.140484485584752e-05, 9.121038006705347e-06, 1.0317838637333275e-05, 1.2508860445722046e-05, 1.0463460235196223e-05, 1.1590166377869497e-05, 9.365565434522472e-06, 1.3962869700475988e-05, 1.6490222847799668e-05, 1.2585292976634968e-05, 1.3693565691983668e-05, 1.0703970784281629e-05, 1.2688054339414112e-05, 1.1184991995287036e-05, 1.4776593173240924e-05, 1.0579504093220846e-05, 1.6185633845675448e-05, 1.0700705948122887e-05, 1.2790408780245777e-05, 1.2280992732565362e-05, 2.1955277993175513e-05, 1.883539564672598e-05, 1.0217888930763377e-05, 1.2622100727847101e-05, 8.827522493187093e-06, 1.0513662861528288e-05, 1.0357972017278317e-05, 9.522488814830335e-06, 1.7237455846178053e-05, 1.4809965872235742e-05, 9.495323322008711e-06, 1.1370607724260009e-05, 1.3482643365408605e-05, 2.1795860167539674e-05, 1.1723009312224155e-05, 1.1158724633002535e-05, 1.6715854801572643e-05, 9.495432738729619e-06, 1.0838478127414117e-05, 1.0070737961860008e-05, 1.2407155924591721e-05, 2.279139963146851e-05, 1.1476610813996575e-05, 1.159939964369045e-05, 7.310790867769551e-06, 1.0477291194133691e-05, 1.0592876652363374e-05, 1.3955603760538448e-05, 7.1874547027296185e-06, 1.0281182422981684e-05, 1.2789214946453834e-05, 4.4183149452616204e-05, 8.276440611769546e-06, 7.08413213013105e-06, 1.3959773952030119e-05, 1.0918499868672914e-05, 6.750654010135794e-06, 8.815928622972598e-05, 7.599858419678321e-06, 2.319735236479329e-05, 2.0431645075594054e-05, 7.786938741689132e-06, 6.7172504567520135e-06, 8.210299240055372e-06, 3.687908705401106e-05, 6.726053800876997e-06, 7.95533764782702e-06, 2.280004196142702e-05, 6.36732194787997e-05, 5.564746059930391e-06, 5.3451490425587416e-06, 1.9768250990919042e-05, 6.382414339574956e-06, 4.693895428924984e-06, 4.654957349621621e-06, 8.990183639791726e-06, 4.116034502227027e-06, 4.956187353427025e-06, 4.87645560802162e-06, 5.7184199748567e-06, 4.866231632569552e-06, 5.3486469478270236e-06, 4.591393662330391e-06, 4.975786136444566e-06, 4.715838372535795e-06, 4.819643953816212e-06, 4.617255904639158e-06, 5.559759888249973e-06, 5.002489582546605e-06, 3.481861767632431e-06, 5.152107690806068e-06, 8.39634252457959e-06, 4.609290346433755e-06, 4.990203023541202e-06, 5.724198278227028e-06, 5.286961956535797e-06, 4.893085712855378e-06, 5.939948178205402e-06, 3.632758856021622e-06, 1.368373383863839e-05, 6.3111180537350245e-06, 3.618266933919581e-06, 3.6871660050162138e-06, 5.662351380237832e-06, 4.137650778741202e-06, 3.477954305621622e-06, 4.954120787827024e-06, 5.4224909731412e-06, 4.806230177210808e-06, 0.00019088242697565066, 3.0204540300324325e-06, 2.286710971610811e-06, 2.793406555324987e-06, 2.8272112466378384e-06, 3.5737790741357973e-06, 2.6320643685141745e-06, 2.8400732511303933e-06, 3.0013894750391615e-06, 3.1278138791520136e-06, 2.2233989164108106e-06, 2.297645208e-06, 3.7330061874162165e-06, 5.109425184535798e-06, 2.7486557909357965e-06, 9.87622927282162e-06, 3.083803884821623e-06, 2.4435442880216223e-06, 2.2461683734270276e-06, 2.427312467416217e-06, 3.1424304725357972e-06, 3.241137047541203e-06, 3.4778036714378363e-06, 4.802434985621619e-06, 3.3520179111303907e-06, 1.761502605016217e-06, 2.152609312627027e-06, 2.6699762281249852e-06, 2.5683275020108107e-06, 2.1910475456216212e-06, 1.9262755167303912e-06, 3.1194991088216216e-06, 0.00021130626827339035, 1.5998219144216217e-06, 1.3993272516324324e-06, 1.1003629555412027e-06, 4.786702901872146e-06, 1.8768167398270271e-06, 1.8189529030270274e-06, 1.467261011827027e-06, 8.952736790054052e-07, 4.644173747416216e-06, 1.589725463952013e-06, 2.2170113500108107e-06, 8.52737838006597e-06, 1.5687596679303916e-06, 2.1495396365357967e-06, 2.189856565530392e-06, 1.2585869583303918e-06, 1.7840469570162162e-06, 1.0670615284108109e-06, 1.7473852937682296e-06, 9.207601821141755e-07, 9.440069404108107e-07, 1.2666535144432433e-06, 2.487348304490458e-06, 4.742207751620849e-06, 5.5868018381357935e-06, 5.865390350300476e-05, 9.025627938162161e-07, 6.782464914162162e-07, 6.408982406054053e-07, 1.3282487803412026e-06, 8.774633024216217e-07, 4.475804222054054e-07, 3.178790867416215e-06, 2.6310759484108107e-06, 1.9352819850162157e-06, 1.1761376026594595e-06, 9.501423105466078e-07, 3.130657886054054e-07, 9.801907382054055e-07, 8.286550060108108e-07, 9.775977992216216e-07, 1.2441097266162163e-06, 1.5411050371412022e-06, 1.2169927417249863e-06, 4.5088703999999994e-07, 3.0047852540540537e-07, 4.143275030054054e-07, 6.523582862054054e-07, 6.135443140108107e-07, 2.605976457016216e-06, 1.534353533701624e-05, 2.670610889883729e-06, 8.649505100540541e-08, 9.048172290162164e-07, 7.14467524627027e-07, 5.122825996108107e-07, 7.523912209249862e-07, 2.8372405495783805e-06, 2.0905226192337562e-06, 7.5646066794162105e-06, 4.734347737542524e-06, 3.116000672216216e-07, 5.267107592216215e-07, 7.647415424216216e-07, 4.516757538162163e-07, 6.032114860108108e-07, 4.535138217004634e-06, 2.365650618162162e-07, 6.397710230054055e-07, 4.516757538162163e-07, 2.3405240026837287e-06, 3.80843207712962e-06, 2.3803078319999997e-07, 1.2900102536337562e-06, 1.6153005641081083e-07, 6.782464914162162e-07, 1.0516409666499726e-06, 9.401479863303916e-07, 